Uuid,Void/Retire,Fully specified name:en,Short name:en,Description:en,Data class,Data type,Answers,_version:1,_order:24
0e1e97ab-41fe-4af6-954d-b43c4fc617dd,,"Complaints, History",Complaints,Patient's presenting complaints,Question,Text,,,
ee0e58e6-c416-430e-ad7d-9e35b5005852,,"History, History",History,History of presenting illness,Question,Text,,,
ecfb049d-ad4f-413f-a86a-f17e21f4ccb4,,"History,Ophthalmology",History,,Misc,N/A,,,
8dad4d67-9924-4852-93f3-79cb97ab957d,,"Diabetes, Systemic Examination ",Diabetes,Whether the patient has diabetes,Question,Boolean,,,
661ab897-bee5-4caf-82d3-ac4f568e81b4,,"Hypertension, Systemic Examination ",Hypertension,Whether the patient has hypertension,Question,Boolean,,,
a5fa1f21-3c95-4a00-9b5b-1c59a44576e4,,"Cardiac, Systemic Examination ",Cardiac,Whether the patient has any cardiac illness,Question,Boolean,,,
5fe9d89c-30e8-4a38-9fc6-e6148bd96365,,"Renal Diseases, Systemic Examination ",Renal Disease,Whether the patient has renal diseases,Question,Boolean,,,
882551c6-2b72-4876-9b8b-168f7d418ce6,,"Asthma, Systemic Examination ",Asthma,Whether the patient has asthma,Question,Boolean,,,
e031d40b-5aa9-46ea-933d-d5686b65165b,,"Allergies, Systemic Examination ",Allergies,Whether the patient has any allergies,Question,Boolean,,,
59db8535-3275-4985-bd08-61afe6a98c08,,"Other, Systemic Examination ",Other,Whether the patient has any other systemic illness,Question,Boolean,,,
78a5d708-84d7-47eb-a1d2-021b5cda2c34,,Systemic Examination,,,Misc,N/A,,,
1115AAAAAAAAAAAAAAAAAAAAAAAAAAAAAAAA,,Normal,,,Misc,N/A,,,
118506AAAAAAAAAAAAAAAAAAAAAAAAAAAAAA,,Esotropia,,,Misc,N/A,,,
118507AAAAAAAAAAAAAAAAAAAAAAAAAAAAAA,,Esophoria,,,Misc,N/A,,,
140914AAAAAAAAAAAAAAAAAAAAAAAAAAAAAA,,Exotropia,,,Misc,N/A,,,
118473AAAAAAAAAAAAAAAAAAAAAAAAAAAAAA,,Exophoria,,,Misc,N/A,,,
30ecbc61-0fd7-4f9c-b926-96d921494af4,,"Near, Cover Uncover Test ",Near,Detects a tropia (constant eye turn),Question,Coded,Normal;Esotropia;Esophoria;Exotropia;Exophoria,,
a916e48c-0405-4db0-be48-34470f3363f6,,"Far, Cover Uncover Test",Far,Detects a tropia (constant eye turn),Question,Coded,Normal;Esotropia;Esophoria;Exotropia;Exophoria,,
67956d2c-4c0f-4ade-a4a5-7636ec5bf9b5,,Cover Uncover Test,,,Misc,N/A,,,
f076db34-b98a-4a29-a57b-e2fb5b902bda,,"Other, Alternate Cover Test",Other,,Misc,N/A,,,
536164ad-6a4f-4f21-8431-7360301dc7f8,,Alternate Cover Test,Alternate Cover Test,Detects both phorias (latent eye misalignment) and tropias,Question,Coded,"Normal;Esotropia;Esophoria;Exotropia;Exophoria;Other, Alternate Cover Test",,
a4266908-a94f-409d-b244-3d3c8390dd4a,,5PD,5PD,,Misc,N/A,,,
43029355-9491-43bb-9d20-1a050cce7e7f,,10PD,10PD,,Misc,N/A,,,
bb5a5d77-8994-42a9-8a7e-651b80d49391,,15PD,15PD,,Misc,N/A,,,
4c8b36e1-e786-4f91-aebe-80e3a0e330f0,,20PD,20PD,,Misc,N/A,,,
32ea09e8-db7f-44ff-bfe4-15b4da7ec8f1,,25PD,25PD,,Misc,N/A,,,
b21e5943-5c7c-4b3e-86f9-ed944f7fd3ad,,30PD,30PD,,Misc,N/A,,,
4af315d9-2f3c-4a1c-afd7-f80e2154aa11,,35PD,35PD,,Misc,N/A,,,
262001eb-f91c-4c9f-a09d-0f74db2074a9,,40PD,40PD,,Misc,N/A,,,
a8157e62-1e4e-4ab5-91e0-00ae5893b3e5,,45PD,45PD,,Misc,N/A,,,
c0ef10ae-2ade-4e6b-873a-cd3eac8e8876,,50PD,50PD,,Misc,N/A,,,
c8b0a0ff-8d91-4cda-aa3c-8c20741b4e26,,55PD,55PD,,Misc,N/A,,,
8d54ee91-33df-4464-a51c-c1c083fe102d,,60PD,60PD,,Misc,N/A,,,
1aa05b97-0774-4077-aa92-df7a593a2e2c,,65PD,65PD,,Misc,N/A,,,
50ab2981-61fe-47de-8335-048bc59bd9d7,,70PD,70PD,,Misc,N/A,,,
73418e02-06ee-40a5-b5f8-eb03b1376f25,,75PD,75PD,,Misc,N/A,,,
30980356-f70c-4739-978d-41ee455ca7da,,80PD,80PD,,Misc,N/A,,,
b127b540-4042-4ca1-bdd2-90df376360bd,,85PD,85PD,,Misc,N/A,,,
5ca1e7ad-27ba-4d5f-8505-ee331d28c510,,90PD,90PD,,Misc,N/A,,,
c6365b42-67b2-11ef-b5c7-325096b39f47,,"Left Eye, Prism Cover Test",Left Eye,,Question,Coded,5PD;10PD;15PD;20PD;25PD;30PD;35PD;40PD;45PD;50PD;55PD;60PD;65PD;70PD;75PD;80PD;85PD;90PD,,
c6365d0e-67b2-11ef-bfb6-325096b39f47,,"Right Eye, Prism Cover Test",Right Eye,,Question,Coded,5PD;10PD;15PD;20PD;25PD;30PD;35PD;40PD;45PD;50PD;55PD;60PD;65PD;70PD;75PD;80PD;85PD;90PD,,
0134490a-1a95-4e67-85d5-abbfb10e21ec,,Prism Cover Test,Prism Cover Test,Measures the amount of eye deviation,Misc,N/A,,,
a5484d57-5f73-45ab-b48a-2f96352b6f12,,Cover Test,,,Misc,N/A,,,
056b610b-0d7c-4eaa-9216-dbc01a08d754,,Eye turned inward,Eye turned inward,,Misc,N/A,,,
0cee1064-72db-4524-a34b-b6632266a1d6,,Eye turned outward,Eye turned outward,,Misc,N/A,,,
1214efa6-5dce-492e-a5e7-9e1ee88bc16b,,Eye turned upward,Eye turned upward,,Misc,N/A,,,
f97c8600-cea4-491f-9798-a49fd398140d,,Eye turned downward,Eye turned downward,,Misc,N/A,,,
ca6ac590-67b2-11ef-b38f-325096b39f47,,"Left Eye, Hirchberg Test",Left Eye,,Question,Coded,Normal;Eye turned inward;Eye turned outward;Eye turned upward;Eye turned downward,,
ca6ac810-67b2-11ef-b1e3-325096b39f47,,"Right Eye, Hirchberg Test",Right Eye,,Question,Coded,Normal;Eye turned inward;Eye turned outward;Eye turned upward;Eye turned downward,,
14366398-9500-4105-9a9f-947ea0cfa13a,,Hirchberg Test,Hirchberg Test,Detects strabismus,Misc,N/A,,,
95b59304-7d85-4fc0-8d02-a4f01495d993,,<10PD,<10PD,,Misc,N/A,,,
bccd7faf-b976-4816-a166-1ff2164dfc65,,>90PD,>90PD,,Misc,N/A,,,
cd2835f6-67b2-11ef-bbd6-325096b39f47,,"Left Eye, Krimsky Test",Left Eye,,Question,Coded,<10PD;10PD;15PD;20PD;25PD;30PD;35PD;40PD;45PD;50PD;55PD;60PD;65PD;70PD;75PD;80PD;85PD;90PD;>90PD,,
cd2838ee-67b2-11ef-8ddf-325096b39f47,,"Right Eye, Krimsky Test",Right Eye,,Question,Coded,<10PD;10PD;15PD;20PD;25PD;30PD;35PD;40PD;45PD;50PD;55PD;60PD;65PD;70PD;75PD;80PD;85PD;90PD;>90PD,,
ad35f0f8-cb47-4182-a498-f8c4e21eef2d,,Krimsky Test,Krimsky Test,Quantifies the degree of eye deviation,Misc,N/A,,,
87180b18-f59f-458c-bfce-72662824db3d,,6CM,6CM,,Misc,N/A,,,
5fd4c1af-4a78-4f61-80af-091502f64770,,7CM,7CM,,Misc,N/A,,,
505e4e89-9936-441e-ab4a-3c676dd7469e,,8CM,8CM,,Misc,N/A,,,
ca8cbd87-f14d-4d24-985f-87b0e8c3b980,,9CM,9CM,,Misc,N/A,,,
a7882478-6eeb-43d6-9ee1-141eeba35569,,10CM,10CM,,Misc,N/A,,,
0a9efd63-c522-4f97-b5c7-b46e672cc824,,>10CM,>10CM,,Misc,N/A,,,
25aff339-dba4-45be-8462-ce41baeebe5d,,NPC (Near point Convergence)Measurement,NPC (Near point Convergence)Measurement,Assesses the ability of the eyes to converge (move inward) when focusing on a near object,Question,Coded,6CM;7CM;8CM;9CM;10CM;>10CM,,
a256461a-8530-4f00-b569-67cc54713e0e,,11CM,11CM,,Misc,N/A,,,
b1b140ce-233a-42ce-a396-541f1b7dbf24,,12CM,12CM,,Misc,N/A,,,
1a2559f8-329a-4fa7-bae2-f48b134ae54d,,13CM,13CM,,Misc,N/A,,,
13733bb2-57d4-4b9c-9b89-71b6e51dd9f7,,14CM,14CM,,Misc,N/A,,,
8cee96b0-d00c-4b6e-b860-8da3199a8ff3,,15CM,15CM,,Misc,N/A,,,
c8cd5eed-b537-4761-9c1d-42e8d7670fa0,,16CM,16CM,,Misc,N/A,,,
fcb3effa-3e32-4d63-94b4-c735ba986ef6,,17CM,17CM,,Misc,N/A,,,
50bfb5af-5a48-4cf0-8477-701531b74b6e,,18CM,18CM,,Misc,N/A,,,
ccf65a3f-9a88-465a-91f3-8541b5edce2a,,19CM,19CM,,Misc,N/A,,,
ca0f131a-cae6-4080-a2b8-1897a07bad9d,,20CM,20CM,,Misc,N/A,,,
da2e7399-02f4-4605-b735-8cec6ca72396,,21CM,21CM,,Misc,N/A,,,
a81de248-f404-4078-a983-dfda46e2f5c6,,22CM,22CM,,Misc,N/A,,,
20f73e77-4658-4561-a20f-e23c0044d7e9,,23CM,23CM,,Misc,N/A,,,
5476426f-cc5c-4a25-83bf-733b38cc8883,,24CM,24CM,,Misc,N/A,,,
5fdbd12b-2d63-488d-84c7-404daa3363a5,,25CM,25CM,,Misc,N/A,,,
de9f40fd-6add-4bb1-bdc1-e53368d5e728,,26CM,26CM,,Misc,N/A,,,
a1100c22-91c9-4668-a28e-41575d3f3863,,27CM,27CM,,Misc,N/A,,,
09aab57e-9700-4f56-90d6-ddf9c745f319,,28CM,28CM,,Misc,N/A,,,
74e959e0-8d35-4b44-b81f-f110f35bcb7a,,29CM,29CM,,Misc,N/A,,,
29af08a1-a26b-445d-b0ff-98026f0236d3,,30CM,30CM,,Misc,N/A,,,
47e904b3-788c-4bf9-9872-5bbe4810024f,,31CM,31CM,,Misc,N/A,,,
b80cb6c1-4128-47c4-b046-3cd2eb5da042,,32CM,32CM,,Misc,N/A,,,
b5bc6d07-3de6-4206-9cd6-e742d0f4ed4c,,33CM,33CM,,Misc,N/A,,,
3259ab8a-ea51-4e73-83c0-33bd07aac505,,NPC (Near point accommodation)Measurement,NPC (Near point accommodation)Measurement,Measures the eye's ability to focus on a near object,Question,Coded,7CM;8CM;9CM;10CM;11CM;12CM;13CM;14CM;15CM;16CM;17CM;18CM;19CM;20CM;21CM;22CM;23CM;24CM;25CM;26CM;27CM;28CM;29CM;30CM;31CM;32CM;33CM,,
198dadcc-67b3-11ef-a8da-325096b39f47,,-4,,,Misc,N/A,,,
198db07e-67b3-11ef-9737-325096b39f47,,-3,,,Misc,N/A,,,
198db132-67b3-11ef-a990-325096b39f47,,-2,,,Misc,N/A,,,
198db1be-67b3-11ef-9883-325096b39f47,,-1,,,Misc,N/A,,,
198db240-67b3-11ef-8d85-325096b39f47,,Full,,,Misc,N/A,,,
198db2c2-67b3-11ef-bd5d-325096b39f47,,1,,,Misc,N/A,,,
198db33a-67b3-11ef-9198-325096b39f47,,2,,,Misc,N/A,,,
198db3b2-67b3-11ef-9124-325096b39f47,,3,,,Misc,N/A,,,
198db42a-67b3-11ef-bc79-325096b39f47,,4,,,Misc,N/A,,,
198db4ac-67b3-11ef-be7b-325096b39f47,,"Left Eye, Top Left, Motility Test","Left Eye, Top Left",,Question,Coded,-4 ; -3 ; -2 ; -1 ; Full ; 1 ; 2 ; 3 ; 4,,
1dcb5c7c-67b3-11ef-bb59-325096b39f47,,"Left Eye, Left, Motility Test","Left Eye, Left",,Question,Coded,-4 ; -3 ; -2 ; -1 ; Full ; 1 ; 2 ; 3 ; 4,,
1dcb5f88-67b3-11ef-b628-325096b39f47,,"Left Eye, Bottom Left, Motility Test","Left Eye, Bottom Left",,Question,Coded,-4 ; -3 ; -2 ; -1 ; Full ; 1 ; 2 ; 3 ; 4,,
1dcb6032-67b3-11ef-b3eb-325096b39f47,,"Left Eye, Top Right, Motility Test","Left Eye, Top Right",,Question,Coded,-4 ; -3 ; -2 ; -1 ; Full ; 1 ; 2 ; 3 ; 4,,
1dcb60aa-67b3-11ef-a990-325096b39f47,,"Left Eye, Right, Motility Test","Left Eye, Right",,Question,Coded,-4 ; -3 ; -2 ; -1 ; Full ; 1 ; 2 ; 3 ; 4,,
1dcb6122-67b3-11ef-8669-325096b39f47,,"Left Eye, Bottom Right, Motility Test","Left Eye, Bottom Right",,Question,Coded,-4 ; -3 ; -2 ; -1 ; Full ; 1 ; 2 ; 3 ; 4,,
1dcb619a-67b3-11ef-8bd4-325096b39f47,,"Right Eye, Top Left, Motility Test","Right Eye, Top Left",,Question,Coded,-4 ; -3 ; -2 ; -1 ; Full ; 1 ; 2 ; 3 ; 4,,
1dcb6208-67b3-11ef-bb6c-325096b39f47,,"Right Eye, Left, Motility Test","Right Eye, Left",,Question,Coded,-4 ; -3 ; -2 ; -1 ; Full ; 1 ; 2 ; 3 ; 4,,
1dcb6276-67b3-11ef-9ed4-325096b39f47,,"Right Eye, Bottom Left, Motility Test","Right Eye, Bottom Left",,Question,Coded,-4 ; -3 ; -2 ; -1 ; Full ; 1 ; 2 ; 3 ; 4,,
1dcb62e4-67b3-11ef-8cea-325096b39f47,,"Right Eye, Top Right, Motility Test","Right Eye, Top Right",,Question,Coded,-4 ; -3 ; -2 ; -1 ; Full ; 1 ; 2 ; 3 ; 4,,
1dcb6352-67b3-11ef-8145-325096b39f47,,"Right Eye, Right, Motility Test","Right Eye, Right",,Question,Coded,-4 ; -3 ; -2 ; -1 ; Full ; 1 ; 2 ; 3 ; 4,,
21877198-67b3-11ef-9d0a-325096b39f47,,"Right Eye, Bottom Right, Motility Test","Right Eye, Bottom Right",,Question,Coded,-4 ; -3 ; -2 ; -1 ; Full ; 1 ; 2 ; 3 ; 4,,
2187738c-67b3-11ef-9b22-325096b39f47,,"Left Eye, Motility Test",Left Eye,,Misc,N/A,,,
218773fa-67b3-11ef-9649-325096b39f47,,"Right Eye, Motility Test",Right Eye,,Misc,N/A,,,
b175552c-e418-4058-87cb-4c698adbdd30,,Motility Test,Motility Test,Assesses the full range of eye movements in all directions,Misc,N/A,,,
dd854172-d6f0-484d-b773-2ee2696b24fe,,Test of Pupillary Function,Test of Pupillary Function,Evaluates the reaction of the pupils to light and accommodation,Misc,N/A,,,
07b63754-b2dc-4bd9-b876-eb1f0e6cf1c9,,"Anisocoria, Corneal Light Reflex Test, Left Eye",Anisocoria,Anisocoria refers to a condition where the pupils of the eyes are of unequal size,Question,Coded,Present;Absent,,
547efe61-6ff4-4cf5-b340-4f5217e01fe8,,"Heterochromia, Left Eye",Heterochromia,Heterochromia is a condition where the irises of the two eyes are of different colors,Question,Coded,Present;Absent,,
f19ddd13-e562-4f3c-97b7-25aefef6cd75,,"Direct light reflex, Left Eye",Direct light reflex,The direct light reflex refers to the constriction of the pupil when light is shone directly into the eye,Question,Coded,Present;Absent,,
0b2407c2-3616-4f87-b168-4ee52ce8e3ef,,"Indirect light reflex, Left Eye",Indirect light reflex,"The indirect light reflex, or consensual light reflex, occurs when shining a light into one eye causes constriction of the pupil in the opposite eye",Question,Coded,Normal;Abnormal,,
58bcc457-6e88-42e4-8fbc-94da98a2b784,,"Swinging flash, Left Eye",Swinging flash,"The swinging flashlight test is used to detect a relative afferent pupillary defect (RAPD), which indicates asymmetry in the afferent pathways of the optic nerve",Question,Coded,Normal;Abnormal,,
e4890914-4d35-4e8a-a034-c75a36e7b815,,"Accommodation and near reflex, Left Eye",Accommodation and near reflex,"The accommodation reflex (or near reflex) involves the pupils constricting, the lenses thickening, and the eyes converging when focusing on a near object",Question,Coded,Normal;Abnormal,,
2e1a188a-6f55-11ef-a41e-325096b39f47,,"Anisocoria, Corneal Light Reflex Test, , Right Eye",Anisocoria,Anisocoria refers to a condition where the pupils of the eyes are of unequal size,Question,Coded,Present;Absent,,
2e1a1a6a-6f55-11ef-8b5a-325096b39f47,,"Heterochromia, Right Eye",Heterochromia,Heterochromia is a condition where the irises of the two eyes are of different colors,Question,Coded,Present;Absent,,
2e1a1ae2-6f55-11ef-a269-325096b39f47,,"Direct light reflex, Right Eye",Direct light reflex,The direct light reflex refers to the constriction of the pupil when light is shone directly into the eye,Question,Coded,Present;Absent,,
2e1a1b32-6f55-11ef-bf1f-325096b39f47,,"Indirect light reflex, Right Eye",Indirect light reflex,"The indirect light reflex, or consensual light reflex, occurs when shining a light into one eye causes constriction of the pupil in the opposite eye",Question,Coded,Normal;Abnormal,,
2e1a1b82-6f55-11ef-8451-325096b39f47,,"Swinging flash, Right Eye",Swinging flash,"The swinging flashlight test is used to detect a relative afferent pupillary defect (RAPD), which indicates asymmetry in the afferent pathways of the optic nerve",Question,Coded,Normal;Abnormal,,
2e1a1bc8-6f55-11ef-b5ae-325096b39f47,,"Accommodation and near reflex, Right Eye",Accommodation and near reflex,"The accommodation reflex (or near reflex) involves the pupils constricting, the lenses thickening, and the eyes converging when focusing on a near object",Question,Coded,Normal;Abnormal,,
778c9b63-425f-4258-b165-cf83198dd3d9,,Stereopsis Test,Stereopsis Test,Assesses depth perception and binocular vision,Question,Text,,,
df2aaefa-6f55-11ef-924a-325096b39f47,,1200 seconds,,,Misc,N/A,,,
df2ab184-6f55-11ef-a2a2-325096b39f47,,1000 seconds,,,Misc,N/A,,,
df2ab6f2-6f55-11ef-96e7-325096b39f47,,800 seconds,,,Misc,N/A,,,
df2ab79c-6f55-11ef-a3ce-325096b39f47,,400 seconds,,,Misc,N/A,,,
df2ab828-6f55-11ef-95ae-325096b39f47,,200 seconds,,,Misc,N/A,,,
df2ab8a0-6f55-11ef-837a-325096b39f47,,140 seconds,,,Misc,N/A,,,
df2ab90e-6f55-11ef-87d2-325096b39f47,,100 seconds,,,Misc,N/A,,,
df2ab97c-6f55-11ef-98c0-325096b39f47,,80 seconds,,,Misc,N/A,,,
df2ab9ea-6f55-11ef-98a8-325096b39f47,,60 seconds,,,Misc,N/A,,,
df2aba62-6f55-11ef-8280-325096b39f47,,50 seconds,,,Misc,N/A,,,
df2abad0-6f55-11ef-ba1c-325096b39f47,,40 seconds,,,Misc,N/A,,,
df2abb5c-6f55-11ef-b368-325096b39f47,,20 seconds,,,Misc,N/A,,,
df2abbde-6f55-11ef-942d-325096b39f47,,15 seconds,,,Misc,N/A,,,
836cf17d-24bd-4be2-aa47-db08192652ae,,Titmus stereo test,Titmus stereo test,,Question,Coded,1200 seconds;1000 seconds;800 seconds;400 seconds;200 seconds;140 seconds;100 seconds;80 seconds;60 seconds;50 seconds;40 seconds;20 seconds;15 seconds,,
9c71ae13-ddcd-499e-9ebe-eb238d0e015a,,TNO stereo test,TNO stereo test,,Question,Coded,1200 seconds;1000 seconds;800 seconds;400 seconds;200 seconds;140 seconds;100 seconds;80 seconds;60 seconds;50 seconds;40 seconds;20 seconds;15 seconds,,
3a81064a-ea8a-4829-aa17-e597efa7ac0d,,Lang stereo test,Lang stereo test,,Question,Coded,1200 seconds;1000 seconds;800 seconds;400 seconds;200 seconds;140 seconds;100 seconds;80 seconds;60 seconds;50 seconds;40 seconds;20 seconds;15 seconds,,
0cecb53b-82e1-4785-a7ad-4a6bf9df42ee,,Random Dot stereo test,Random Dot,,Question,Coded,1200 seconds;1000 seconds;800 seconds;400 seconds;200 seconds;140 seconds;100 seconds;80 seconds;60 seconds;50 seconds;40 seconds;20 seconds;15 seconds,,
08d49a8d-b682-40bc-85d1-1e9acebae2dc,,Frisby stereo test,Frisby stereo test,,Question,Coded,1200 seconds;1000 seconds;800 seconds;400 seconds;200 seconds;140 seconds;100 seconds;80 seconds;60 seconds;50 seconds;40 seconds;20 seconds;15 seconds,,
2a1593bc-df75-4efe-bec3-fc8bd1667ebe,,"Other, Depth Perception ",Other,,Question,Text,,,
275b99aa-67b3-11ef-aaee-325096b39f47,,Four lights,Four lights,,Misc,N/A,,,
275b9bd0-67b3-11ef-8e19-325096b39f47,,Two lights,Two lights,,Misc,N/A,,,
275b9c5c-67b3-11ef-bb12-325096b39f47,,Three lights,Three lights,,Misc,N/A,,,
275b9cca-67b3-11ef-a69b-325096b39f47,,Five lights,Five lights,,Misc,N/A,,,
275b9d38-67b3-11ef-85cd-325096b39f47,,"Near, Worth 4 dot Test",Near,,Question,Coded,Four lights ; Two lights ; Three lights ; Five lights,,
275b9d9c-67b3-11ef-bf55-325096b39f47,,"Far, Worth 4 dot Test",Far,,Question,Coded,Four lights ; Two lights ; Three lights ; Five lights,,
22b7d8b9-4d84-48f9-bc83-b80874ab2025,,Worth 4 dot Test,Worth 4 dot Test,Assesses binocular vision and detect suppression or abnormal retinal correspondence,Misc,N/A,,,
2bca8d48-67b3-11ef-86b2-325096b39f47,,Chart 1,,,Misc,N/A,,,
2bca8fd2-67b3-11ef-92e5-325096b39f47,,Chart 2,,,Misc,N/A,,,
2bca9072-67b3-11ef-a2ea-325096b39f47,,Chart 3,,,Misc,N/A,,,
2bca90cc-67b3-11ef-9553-325096b39f47,,Chart 4,,,Misc,N/A,,,
2bca911c-67b3-11ef-90b1-325096b39f47,,Chart 5,,,Misc,N/A,,,
2bca9162-67b3-11ef-9fe2-325096b39f47,,Chart 6,,,Misc,N/A,,,
2bca91a8-67b3-11ef-8b6e-325096b39f47,,Chart 7,,,Misc,N/A,,,
2bca91ee-67b3-11ef-853b-325096b39f47,,Wavy lines,,,Misc,N/A,,,
2bca922a-67b3-11ef-bd76-325096b39f47,,Faint lines,,,Misc,N/A,,,
2bca9270-67b3-11ef-a2eb-325096b39f47,,Missed borders,,,Misc,N/A,,,
2bca92b6-67b3-11ef-91f7-325096b39f47,,Block spot,,,Misc,N/A,,,
2bca92f2-67b3-11ef-8ab5-325096b39f47,,Blurred,,,Misc,N/A,,,
2bca9338-67b3-11ef-aaf6-325096b39f47,,"Left Eye, Type Of Chart, Amsler grid Test",Type of Chart,,Question,Coded,Chart 1 ; Chart 2 ; Chart 3 ; Chart 4 ; Chart 5 ; Chart 6 ; Chart 7,,
2bca9374-67b3-11ef-9aeb-325096b39f47,,"Left Eye, Result, Amsler grid Test",Result,,Question,Coded,Normal ; Wavy lines ; Faint lines ; Missed borders ; Block spot ; Blurred,,
b79b2738-f2a8-468d-89ad-a56fb4b2937d,,"Left Eye, Other, Amsler grid Test",Other,,Question,Text,,,
2bca93ba-67b3-11ef-9618-325096b39f47,,"Left Eye, Amsler grid Test",,,Question,Coded,Normal ; Abnormal,,
2f68eb84-67b3-11ef-9730-325096b39f47,,"Right Eye, Type Of Chart, Amsler grid Test",Type of Chart,,Question,Coded,Chart 1 ; Chart 2 ; Chart 3 ; Chart 4 ; Chart 5 ; Chart 6 ; Chart 7,,
2f68ed96-67b3-11ef-bed3-325096b39f47,,"Right Eye, Result, Amsler grid Test",Result,,Question,Coded,Normal ; Wavy lines ; Faint lines ; Missed borders ; Block spot ; Blurred,,
c8e74b43-2ffb-441f-b606-8502dfd5627d,,"Right Eye, Other, Amsler grid Test",Other,,Question,Text,,,
2f68ee04-67b3-11ef-86fa-325096b39f47,,"Right Eye, Amsler grid Test",,,Question,Coded,Normal ; Abnormal,,
b5bd8efe-9dfc-4a3d-9e5b-8c883be96ad9,,Amsler grid Test,Amsler grid Test,Detects macular or central visual field defects,Misc,N/A,,,
348d9c54-67b3-11ef-83f6-325096b39f47,,Ishihara test,,,Misc,N/A,,,
348d9f56-67b3-11ef-aee7-325096b39f47,,Plate test,,,Misc,N/A,,,
348d9ff6-67b3-11ef-a3f1-325096b39f47,,Farnsworth-Munsell 100,,,Misc,N/A,,,
348da06e-67b3-11ef-a5fd-325096b39f47,,Farnsworth Lantern Test,,,Misc,N/A,,,
348da0dc-67b3-11ef-a4bf-325096b39f47,,"Other, Type of Colour Vision Test",,,Misc,N/A,,,
348da140-67b3-11ef-87b6-325096b39f47,,Type Of Colour Vision Test,Type,,Question,Coded,"Ishihara test;Plate test;Farnsworth-Munsell 100;Farnsworth Lantern Test;Other, Type of Colour Vision Test",,
348da1ae-67b3-11ef-b475-325096b39f47,,Result of Colour Vision Test,Result,,Question,Coded,Normal ; Abnormal,,
8d3103c3-ac38-4d30-8c29-619ff0eb6823,,Color Vision Test,Color Vision Test,Assesses the ability to perceive colors accurately,Misc,N/A,,,
398729d2-67b3-11ef-8c72-325096b39f47,,"Left Eye, Top, Gonioscopy Evaluation","Left Eye, Top",,Question,Text,,,
39872bda-67b3-11ef-8894-325096b39f47,,"Left Eye, Bottom, Gonioscopy Evaluation","Left Eye, Bottom",,Question,Text,,,
39872c52-67b3-11ef-82ba-325096b39f47,,"Left Eye, Left, Gonioscopy Evaluation","Left Eye, Left",,Question,Text,,,
39872ca2-67b3-11ef-b0bd-325096b39f47,,"Left Eye, Right, Gonioscopy Evaluation","Left Eye, Right",,Question,Text,,,
39872ce8-67b3-11ef-8827-325096b39f47,,"Right Eye, Top, Gonioscopy Evaluation","Right Eye, Top",,Question,Text,,,
39872d2e-67b3-11ef-89c2-325096b39f47,,"Right Eye, Bottom, Gonioscopy Evaluation","Right Eye, Bottom",,Question,Text,,,
39872d74-67b3-11ef-90e3-325096b39f47,,"Right Eye, Left, Gonioscopy Evaluation","Right Eye, Left",,Question,Text,,,
39872dba-67b3-11ef-85db-325096b39f47,,"Right Eye, Right, Gonioscopy Evaluation","Right Eye, Right",,Question,Text,,,
39872df6-67b3-11ef-9d13-325096b39f47,,"Left Eye, Gonioscopy Evaluation",,,Misc,N/A,,,
39872e3c-67b3-11ef-bf1a-325096b39f47,,"Right Eye, Gonioscopy Evaluation",,,Misc,N/A,,,
c533c61f-73c5-4186-b9a6-d4b7e69ffd9b,,Gonioscopy Evaluation,Gonioscopy Evaluation,Examines the angle of the anterior chamber of the eye,Misc,N/A,,,
41d19906-67b3-11ef-adb5-325096b39f47,,Periocular oedema,,,Misc,N/A,,,
41d19974-67b3-11ef-8639-325096b39f47,,Skin discoloration,,,Misc,N/A,,,
41d199c4-67b3-11ef-b3a8-325096b39f47,,Ptosis,,,Misc,N/A,,,
41d19a14-67b3-11ef-87c9-325096b39f47,,Chemosis of the conjunctiva and epibulbar injection,,,Misc,N/A,,,
41d19a5a-67b3-11ef-bc81-325096b39f47,,"Left Eye, Soft tissue of eyelid, Proptosis Evaluation",,,Question,Coded,Normal ; Periocular oedema ; Skin discoloration ; Ptosis ; chemosis of the conjunctiva and epibulbar injection ; Other non-coded,,
41d19aaa-67b3-11ef-9cd8-325096b39f47,,Axial,,,Misc,N/A,,,
41d19ae6-67b3-11ef-8f6c-325096b39f47,,Coronal,,,Misc,N/A,,,
41d19b2c-67b3-11ef-9837-325096b39f47,,Horizontal,,,Misc,N/A,,,
41d19b7c-67b3-11ef-8d87-325096b39f47,,"Left Eye, Direction of proptosis, Proptosis Evaluation",,,Question,Coded,Axial ; Coronal ; Horizontal,,
41d19bc2-67b3-11ef-8123-325096b39f47,,<20mm,,,Misc,N/A,,,
41d19bfe-67b3-11ef-aa8b-325096b39f47,,20mm,,,Misc,N/A,,,
41d19c44-67b3-11ef-ac5c-325096b39f47,,>20mm,,,Misc,N/A,,,
41d19c8a-67b3-11ef-8991-325096b39f47,,"Left Eye, Exophthalmometry Test, Proptosis Evaluation","Left Eye, Exophthalmometry Test",,Question,Coded,<20mm ; 20mm ; >20mm,,
4c366a79-cd68-4890-8303-4dfcbda972df,,Restricted,,,Misc,N/A,,,
41d19cd0-67b3-11ef-a361-325096b39f47,,"Left Eye, Forced duction test, Proptosis Evaluation","Left Eye, Forced duction test",,Question,Coded,Normal ; Restricted,,
41d19d0c-67b3-11ef-8f5c-325096b39f47,,"Left Eye, Other finding, Proptosis Evaluation","Left Eye, Other finding",,Question,Text,,,
41d19d52-67b3-11ef-a741-325096b39f47,,"Right Eye, Soft tissue of eyelid, Proptosis Evaluation","Right Eye, Soft tissue of eyelid",,Question,Coded,Normal ; Periocular oedema ; Skin discoloration ; Ptosis ; chemosis of the conjunctiva and epibulbar injection ; Other non-coded,,
41d19d98-67b3-11ef-b36d-325096b39f47,,"Right Eye, Direction of proptosis, Proptosis Evaluation","Right Eye, Direction of proptosis",,Question,Coded,Axial ; Coronal ; Horizontal,,
41d19dde-67b3-11ef-88df-325096b39f47,,"Right Eye, Exophthalmometry Test, Proptosis Evaluation","Right Eye, Exophthalmometry Test",,Question,Coded,<20mm ; 20mm ; >20mm,,
41d19e24-67b3-11ef-94c0-325096b39f47,,"Right Eye, Forced duction test, Proptosis Evaluation","Right Eye, Forced duction test",,Question,Coded,Normal ; Restricted,,
44ec96fe-67b3-11ef-84ab-325096b39f47,,"Right Eye, Other finding, Proptosis Evaluation","Right Eye, Other finding",,Question,Text,,,
44ec996a-67b3-11ef-a70a-325096b39f47,,"Left Eye, Proptosis Evaluation",,,Misc,N/A,,,
44ec9a1e-67b3-11ef-83ee-325096b39f47,,"Right Eye, Proptosis Evaluation",,,Misc,N/A,,,
e7975f38-8c4e-47f9-850c-e52102dc8be8,,Proptosis Evaluation,Proptosis Evaluation,Measures the forward protrusion of the eye,Question,Text,,,
76527AAAAAAAAAAAAAAAAAAAAAAAAAAAAAAA,,Fluorescein,,,Misc,N/A,,,
48faef20-67b3-11ef-97c9-325096b39f47,,Lissamine green ,,,Misc,N/A,,,
48faefb6-67b3-11ef-af9c-325096b39f47,,Rose bengas,,,Misc,N/A,,,
48faf024-67b3-11ef-b15c-325096b39f47,,Type of Staining Used,,,Question,Coded,Fluorescein ; Lissamine green ; Rose bengas,,
48faf07e-67b3-11ef-8d42-325096b39f47,,Missing epithelial cells,,,Misc,N/A,,,
48faf0e2-67b3-11ef-b18d-325096b39f47,,"Left Eye, Appearance, Tearfilm Evaluation ",,,Question,Coded,Normal ; Missing epithelial cells,,
48faf13c-67b3-11ef-857d-325096b39f47,,Normal (>8-10 seconds),,,Misc,N/A,,,
48faf196-67b3-11ef-bd6c-325096b39f47,,Abnormal (<8 seconds),,,Misc,N/A,,,
48faf1f0-67b3-11ef-b074-325096b39f47,,"Left Eye, Tear break up time, Tearfilm Evaluation ",,,Question,Coded,Normal (>8-10 seconds) ; Abnormal (<8 seconds),,
48faf24a-67b3-11ef-b69e-325096b39f47,,>10mm (normal),,,Misc,N/A,,,
75b3fdc2-67b3-11ef-b950-325096b39f47,,<10mm (abnormal),,,Misc,N/A,,,
75b3ffb6-67b3-11ef-8900-325096b39f47,,"Left Eye, Schirmer 1 Test, Tearfilm Evaluation ","Left Eye, Schirmer 1 Test",,Question,Coded,>10mm (normal) ; <10mm (abnormal),,
75b4002e-67b3-11ef-a939-325096b39f47,,"Left Eye, Schirmer 2 Test, Tearfilm Evaluation ","Left Eye, Schirmer 2 Test",,Question,Coded,>10mm (normal) ; <10mm (abnormal),,
c0ec625c-f212-4104-a513-00e577f9e59c,,"Left Eye, Other, Tearfilm Evaluation",,,Question,Text,,,
75b4007e-67b3-11ef-bd2d-325096b39f47,,"Right Eye, Appearance, Tearfilm Evaluation ","Right Eye, Appearance",,Question,Coded,Normal ; Missing epithelial cells,,
75b400c4-67b3-11ef-9ba8-325096b39f47,,"Right Eye, Tear break up time, Tearfilm Evaluation ","Right Eye, Tear break up time",,Question,Coded,Normal (>8-10 seconds) ; Abnormal (<8 seconds),,
75b4010a-67b3-11ef-8adb-325096b39f47,,"Right Eye, Schirmer 1 Test, Tearfilm Evaluation ","Right Eye, Schirmer 1 Test",,Question,Coded,>10mm (normal) ; <10mm (abnormal),,
75b40150-67b3-11ef-a1fd-325096b39f47,,"Right Eye, Schirmer 2 Test, Tearfilm Evaluation ","Right Eye, Schirmer 2 Test",,Question,Coded,>10mm (normal) ; <10mm (abnormal),,
f88ce34d-5c9f-43fa-95f9-6a14d14e9456,,"Right Eye, Other, Tearfilm Evaluation",,,Question,Text,,,
7878319a-67b3-11ef-a41b-325096b39f47,,"Left Eye, Tearfilm Evaluation",,,Misc,N/A,,,
78783456-67b3-11ef-af3c-325096b39f47,,"Right Eye, Tearfilm Evaluation",,,Misc,N/A,,,
84596cd9-44a3-41ef-aaa2-046a9157d949,,Tearfilm Evaluation,Tearfilm Evaluation,Assesses the quality and quantity of the tear film,Misc,N/A,,,
ea6fce75-7e9b-4736-8d57-eccd567fca66,,Ptosis Evaluation,Ptosis Evaluation,Assesses the position of the upper eyelid,Question,Coded,,,
064269ac-7fe7-424b-ac32-b89b5a523477,,Mydriasis,Mydriasis,,Misc,N/A,,,
6c5eb019-ce78-4ac0-bddf-5b4623968dd8,,"Left Eye, Pupillary light reflex",Pupillary light reflex,The test assesses pupils reaction to light,Question,Coded,Normal;Anisocoria;Mydriasis,,
427ddf9e-f98e-416e-9b8c-e4f738fc933f,,"Left Eye, Upper eye lid crease",Upper eye lid crease,The position and symmetry of the upper eyelid crease to determine function of levator muscle,Question,Coded,Normal;Absent;High,,
28ef299e-2164-4477-8ab3-5b556d2969df,,2mm drop,2mm drop,,Misc,N/A,,,
1d0ac13d-829e-452f-bfc8-d886a6abfa05,,3mm drop,3mm drop,,Misc,N/A,,,
9de6b9dc-eaa6-4499-b604-fa65fd3b22f1,,4mm drop,4mm drop,,Misc,N/A,,,
964ed0bd-cde8-4ca4-8e89-d222f9341384,,"Left Eye, Marginal reflex distance",Marginal reflex distance,MRD measures the distance between the corneal light reflex and the margin of the upper eyelid,Question,Coded,Normal;2mm drop;3mm drop;4mm drop,,
560d9835-be26-4bff-b7f4-d8821b0981bd,,>15mm,>15mm,,Misc,N/A,,,
2ff44d58-74ba-4e77-8b3c-fb57cc596a39,,12-14mm,12-14mm,,Misc,N/A,,,
6e3dca2f-253b-4278-bec0-fcadb0599343,,5-11mm,5-11mm,,Misc,N/A,,,
88c662a4-9a05-4d3e-8c6e-eb681267e301,,<4mm,<4mm,,Misc,N/A,,,
c7e3d6c2-0c5e-409f-bf02-3ea94041e94f,,"Left Eye, Palpebral Fissure distance",Palpebral Fissure distance,This is the distance between the upper and lower eyelids when the eyes are open,Question,Coded,>15mm;12-14mm;5-11mm;<4mm,,
751182de-fe8a-4ec7-ad8e-aa08827c935c,,"Left Eye, Levator function Test",Levator function Test,This test measures the function of the levator muscle by determining the amount of upper eyelid movement from downgaze to upgaze,Question,Coded,>15mm;12-14mm;5-11mm;<4mm,,
02189d39-4584-4d48-85f8-5b732843c977,,"Left Eye, Extraocular motility",Extraocular motility,This evaluation checks the movement of the eyes in all directions,Question,Coded,Normal;Abnormal,,
1bcf6205-028e-40fc-a501-8b20782b2899,,"Left Eye, Other, Ptosis Evaluation",Other,Any other test that ophthalmologist might perform,Question,Text,,,
30323f75-28b0-4d74-8ec4-a8dc7af0f61b,,No Rise in MRD,No Rise in MRD,,Misc,N/A,,,
055d7a1e-fa05-48ac-a41c-d8e05050458e,,Rise in MRD 1.5mm,Rise in MRD 1.5mm,,Misc,N/A,,,
46c0abd0-9738-45ce-b4e9-03313be3c71e,,"Left Eye, Phenyl Ephrine Test",Phenyl Ephrine Test,"This test involves instilling phenylephrine drops into the eye to temporarily elevate the eyelid. It helps in diagnosing the type of ptosis and predicting the surgical outcome by assessing the response of the Müller’s muscle, which can contribute to eyelid elevation",Question,Coded,No Rise in MRD;Rise in MRD 1.5mm,,
62296c4b-8cea-4487-968f-fb5a843d1447,,"Right Eye, Pupillary light reflex",Pupillary light reflex,The test assesses pupils reaction to light,Question,Coded,Normal;Anisocoria;Mydriasis,,
9f1c76ab-33c2-4b3a-8be7-a533411812f1,,"Right Eye, Upper eye lid crease",Upper eye lid crease,The position and symmetry of the upper eyelid crease to determine function of levator muscle,Question,Coded,Normal;Absent;High,,
f4529653-64a0-425a-9b06-691d4c4530d8,,"Right Eye, Marginal reflex distance",Marginal reflex distance,MRD measures the distance between the corneal light reflex and the margin of the upper eyelid,Question,Coded,Normal;2mm drop;3mm drop;4mm drop,,
e78d48c9-685b-4bcf-a099-1966578d150c,,"Right Eye, Palpebral Fissure distance",Palpebral Fissure distance,This is the distance between the upper and lower eyelids when the eyes are open,Question,Coded,>15mm;12-14mm;5-11mm;<4mm,,
9639b9a3-e3b6-40ee-a446-8ceeafb4f571,,"Right Eye, Levator function Test",Levator function Test,This test measures the function of the levator muscle by determining the amount of upper eyelid movement from downgaze to upgaze,Question,Coded,>15mm;12-14mm;5-11mm;<4mm,,
5d4d4228-cf4b-46ad-9ea9-aa1cca1b4bbe,,"Right Eye, Extraocular motility",Extraocular motility,This evaluation checks the movement of the eyes in all directions,Question,Coded,Normal;Abnormal,,
7cc5020a-67b3-11ef-ae94-325096b39f47,,"Right Eye, Phenyl Ephrine Test",Phenyl Ephrine Test,"This test involves instilling phenylephrine drops into the eye to temporarily elevate the eyelid. It helps in diagnosing the type of ptosis and predicting the surgical outcome by assessing the response of the Müller’s muscle, which can contribute to eyelid elevation",Question,Coded,No Rise in MRD;Rise in MRD 1.5mm,,
f64e29c3-acad-4d93-8d66-a30b342f7414,,"Right Eye, Other, Ptosis Evaluation",Other,Any other test that ophthalmologist might perform,Question,Text,,,
cb33eb9e-fe54-49b7-a696-3fef156e774c,,"Other, Cover Test",Other,Any other test that ophthalmologist might perform,Misc,Text,,,
7ea2e9ca-67b3-11ef-8d50-325096b39f47,,"Left Eye, Diagnosis, Corneal Light Reflex Test",,,Question,Coded,,,
433f98b8-5e18-4bc0-9a40-5ee12505f6b2,,"Right Eye, Diagnosis, Corneal Light Reflex Test",Diagnosis,The diagnosis made after evaluating the patient,Question,Coded,,,
4b29f530-c32b-4032-903b-a129344916f6,,Corneal Light Reflex Test,,,Misc,N/A,,,
e3591ef4-340b-4b87-b232-e405f042dc1a,,Tests of Ocular Motility and Binocular Vision ,,,Misc,N/A,,,
4077817c-b20b-4f1a-a3a5-c7893ec494ee,,Examination ,,,Misc,N/A,,,
820c4cdc-67b3-11ef-acf4-325096b39f47,,Pachymetry (answer),Pachymetry,,Misc,N/A,,,
820c4f84-67b3-11ef-b313-325096b39f47,,B scan (answer),B scan,,Misc,N/A,,,
820c5024-67b3-11ef-afb5-325096b39f47,,Anterior Segment Optical Coherence Tomography (answer),Anterior Segment Optical Coherence Tomography,,Misc,N/A,,,
820c509c-67b3-11ef-baf0-325096b39f47,,Corneal Topography (answer),Corneal Topography,,Misc,N/A,,,
820c5114-67b3-11ef-852b-325096b39f47,,Retinal Optical Coherence Tomography (Retinal OCT) (answer),Retinal Optical Coherence Tomography (Retinal OCT),,Misc,N/A,,,
820c518c-67b3-11ef-a7c3-325096b39f47,,Optic Nerve Head Optical Coherence Tomography(Optic Nerve Head OCT) (answer),Optic Nerve Head Optical Coherence Tomography(Optic Nerve Head OCT),,Misc,N/A,,,
820c51fa-67b3-11ef-a15c-325096b39f47,,Optical Coherence Tomography angiography (OCTA) (answer),Optical Coherence Tomography angiography (OCTA),,Misc,N/A,,,
820c5272-67b3-11ef-9c07-325096b39f47,,Visual field Examination with Humphrey Visual Field Analyser (answer),Visual field Examination with Humphrey Visual Field Analyser,,Misc,N/A,,,
820c52ea-67b3-11ef-8177-325096b39f47,,Retinal Photography (answer),Retinal Photography,,Misc,N/A,,,
820c5362-67b3-11ef-8fff-325096b39f47,,Fluorescein Fundus Angiography (FFA) (answer),Fluorescein Fundus Angiography (FFA),,Misc,N/A,,,
84ee074c-67b3-11ef-819b-325096b39f47,,"Left eye, Diagnostic and Imaging",Left eye,,Question,Coded,Pachymetry (answer);B scan (answer);Anterior Segment Optical Coherence Tomography (answer);Corneal Topography (answer);Retinal Optical Coherence Tomography (Retinal OCT) (answer);Optic Nerve Head Optical Coherence Tomography(Optic Nerve Head OCT) (answer);Optical Coherence Tomography angiography (OCTA) (answer);Visual field Examination with Humphrey Visual Field Analyser (answer);Retinal Photography (answer);Fluorescein Fundus Angiography (FFA) (answer),,
6abcc83e-7b64-4c77-8cab-fb8e8758ec3b,,"Right eye, Diagnostic and Imaging",Right eye,Diagnostic or imaging test requested,Question,Coded,Pachymetry (answer);B scan (answer);Anterior Segment Optical Coherence Tomography (answer);Corneal Topography (answer);Retinal Optical Coherence Tomography (Retinal OCT) (answer);Optic Nerve Head Optical Coherence Tomography(Optic Nerve Head OCT) (answer);Optical Coherence Tomography angiography (OCTA) (answer);Visual field Examination with Humphrey Visual Field Analyser (answer);Retinal Photography (answer);Fluorescein Fundus Angiography (FFA) (answer),,
88f634a4-67b3-11ef-92b3-325096b39f47,,CBC (answer),CBC,,Misc,N/A,,,
88f63684-67b3-11ef-a054-325096b39f47,,Het/Hgb (answer),Het/Hgb,,Misc,N/A,,,
88f636f2-67b3-11ef-9d9b-325096b39f47,,"WBC, Hematology (answer)",WBC,,Misc,N/A,,,
88f6374c-67b3-11ef-8946-325096b39f47,,Neutrophils (answer),Neutrophils,,Misc,N/A,,,
88f63792-67b3-11ef-a47e-325096b39f47,,Lymphocytes (answer),Lymphocytes,,Misc,N/A,,,
88f637e2-67b3-11ef-a41e-325096b39f47,,Eosinophils (answer),Eosinophils,,Misc,N/A,,,
88f63828-67b3-11ef-bb37-325096b39f47,,Basophils (answer),Basophils,,Misc,N/A,,,
88f6386e-67b3-11ef-9178-325096b39f47,,ESR (answer),ESR,,Misc,N/A,,,
88f638b4-67b3-11ef-bd76-325096b39f47,,Morphology (answer),Morphology,,Misc,N/A,,,
88f638fa-67b3-11ef-9c65-325096b39f47,,Blood group and RH (answer),Blood group and RH,,Misc,N/A,,,
88f63940-67b3-11ef-82d8-325096b39f47,,Blood film  (answer),Blood film ,,Misc,N/A,,,
88f6397c-67b3-11ef-9025-325096b39f47,,HBsAG (answer),HBsAG,,Misc,N/A,,,
88f639c2-67b3-11ef-9f59-325096b39f47,,HCV-AB (answer),HCV-AB,,Misc,N/A,,,
88f63a08-67b3-11ef-9868-325096b39f47,,VDRL (answer),VDRL,,Misc,N/A,,,
88f63a4e-67b3-11ef-8a0d-325096b39f47,,Widal-H (answer),Widal-H,,Misc,N/A,,,
88f63a94-67b3-11ef-98eb-325096b39f47,,Widal-O (answer),Widal-O,,Misc,N/A,,,
88f63ad0-67b3-11ef-aa1b-325096b39f47,,Weill Flex (answer),Weill Flex,,Misc,N/A,,,
88f63b16-67b3-11ef-9bcd-325096b39f47,,H-pylori (answer),H-pylori,,Misc,N/A,,,
88f63b5c-67b3-11ef-a1d8-325096b39f47,,Rheumatoid Factor (RF) (answer),Rheumatoid Factor (RF),,Misc,N/A,,,
88f63ba2-67b3-11ef-82cf-325096b39f47,,Serium Protein (answer),Serium Protein,,Misc,N/A,,,
88f63be8-67b3-11ef-8f61-325096b39f47,,Serology for RVI (answer),Serology for RVI,,Misc,N/A,,,
88f63c2e-67b3-11ef-90b3-325096b39f47,,ASO Test (answer),ASO Test,,Misc,N/A,,,
88f63c6a-67b3-11ef-b1e9-325096b39f47,,Gram Stain (answer),Gram Stain,,Misc,N/A,,,
88f63cb0-67b3-11ef-9fa3-325096b39f47,,Wet Mount  (answer),Wet Mount ,,Misc,N/A,,,
88f63cf6-67b3-11ef-9227-325096b39f47,,AFB (answer),AFB,,Misc,N/A,,,
8be72b1e-67b3-11ef-8106-325096b39f47,,AFB 2x (answer),AFB 2x,,Misc,N/A,,,
8be72dee-67b3-11ef-b0d5-325096b39f47,,Stool Test (answer),Stool Test,,Misc,N/A,,,
8be72e84-67b3-11ef-88bd-325096b39f47,,H-Pylpri (answer),H-Pylpri,,Misc,N/A,,,
8be72efc-67b3-11ef-9e31-325096b39f47,,FBS (answer),FBS,,Misc,N/A,,,
8be72f6a-67b3-11ef-901d-325096b39f47,,RBS (answer),RBS,,Misc,N/A,,,
8be72fd8-67b3-11ef-8499-325096b39f47,,Uric Acid (answer),Uric Acid,,Misc,N/A,,,
8be73046-67b3-11ef-a3d9-325096b39f47,,SGOT (answer),SGOT,,Misc,N/A,,,
8be730be-67b3-11ef-aff5-325096b39f47,,SGPT (answer),SGPT,,Misc,N/A,,,
8be73122-67b3-11ef-a918-325096b39f47,,ALP (answer),ALP,,Misc,N/A,,,
8be73190-67b3-11ef-9a69-325096b39f47,,BUN (answer),BUN,,Misc,N/A,,,
8be731fe-67b3-11ef-83c5-325096b39f47,,Creatinin (answer),Creatinin,,Misc,N/A,,,
8be73262-67b3-11ef-b484-325096b39f47,,LDL (answer),LDL,,Misc,N/A,,,
8be732d0-67b3-11ef-b2b8-325096b39f47,,TG (answer),TG,,Misc,N/A,,,
8be73334-67b3-11ef-bbf1-325096b39f47,,HDL (answer),HDL,,Misc,N/A,,,
8be733a2-67b3-11ef-9a91-325096b39f47,,Cholestrol(T) (answer),Cholestrol(T),,Misc,N/A,,,
8be73406-67b3-11ef-bd92-325096b39f47,,Bilirubin (T) (answer),Bilirubin (T),,Misc,N/A,,,
8be73474-67b3-11ef-804a-325096b39f47,,Bilirubin (D) (answer),Bilirubin (D),,Misc,N/A,,,
8be734ce-67b3-11ef-93e6-325096b39f47,,Total T3 (answer),Total T3,,Misc,N/A,,,
8be7353c-67b3-11ef-8d3d-325096b39f47,,Total T4 (answer),Total T4,,Misc,N/A,,,
8be735aa-67b3-11ef-a8b7-325096b39f47,,TSH (answer),TSH,,Misc,N/A,,,
8be7360e-67b3-11ef-b38e-325096b39f47,,FT3 (answer),FT3,,Misc,N/A,,,
8be7367c-67b3-11ef-bf08-325096b39f47,,FT4 (answer),FT4,,Misc,N/A,,,
8be736ea-67b3-11ef-b53d-325096b39f47,,Levk. (answer),Levk.,,Misc,N/A,,,
8be73744-67b3-11ef-8a47-325096b39f47,,ph (answer),ph,,Misc,N/A,,,
8be73780-67b3-11ef-af47-325096b39f47,,SG (answer),SG,,Misc,N/A,,,
8fa74ad6-67b3-11ef-aad6-325096b39f47,,protein (answer),protein,,Misc,N/A,,,
8fa74d74-67b3-11ef-8aff-325096b39f47,,Ketone (answer),Ketone,,Misc,N/A,,,
8fa74e14-67b3-11ef-bf5e-325096b39f47,,Sugar (answer),Sugar,,Misc,N/A,,,
8fa74e96-67b3-11ef-baab-325096b39f47,,Urobilinogen (answer),Urobilinogen,,Misc,N/A,,,
8fa74f04-67b3-11ef-b558-325096b39f47,,Nitrate    (answer),Nitrate   ,,Misc,N/A,,,
8fa74f5e-67b3-11ef-b231-325096b39f47,,Bilirubin (answer) ,Bilirubin ,,Misc,N/A,,,
8fa74fa4-67b3-11ef-a4da-325096b39f47,,"WBC, Microscopy (answer)",WBC,,Misc,N/A,,,
8fa74fea-67b3-11ef-97dd-325096b39f47,,RBC (answer),RBC,,Misc,N/A,,,
8fa75044-67b3-11ef-acce-325096b39f47,,"Bacteria, RBC (answer)",Bacteria,,Misc,N/A,,,
8fa750b2-67b3-11ef-804d-325096b39f47,,"Casts, RBC (answer)",Casts,,Misc,N/A,,,
92c58638-67b3-11ef-94d5-325096b39f47,,"Others, RBC (answer)",Others,,Misc,N/A,,,
92c58890-67b3-11ef-9bd0-325096b39f47,,Urine  HCG (answer),Urine  HCG,,Misc,N/A,,,
d556a3c3-fcca-4e92-9225-07174b513d46,,Laboratory Investigation,Laboratory Investigation,Laboratory tests requested,Question,Coded,"CBC (answer);Het/Hgb (answer);WBC, Hematology (answer);Neutrophils (answer);Lymphocytes (answer);Eosinophils (answer);Basophils (answer);ESR (answer);Morphology (answer);Blood group and RH (answer);Blood film  (answer);HBsAG (answer);HCV-AB (answer);VDRL (answer);Widal-H (answer);Widal-O (answer);Weill Flex (answer);H-pylori (answer);Rheumatoid Factor (RF) (answer);Serium Protein (answer);Serology for RVI (answer);ASO Test (answer);Gram Stain (answer);Wet Mount  (answer);AFB (answer);AFB 2x (answer);Stool Test (answer);H-Pylpri (answer);FBS (answer);RBS (answer);Uric Acid (answer);SGOT (answer);SGPT (answer);ALP (answer);BUN (answer);Creatinin (answer);LDL (answer);TG (answer);HDL (answer);Cholestrol(T) (answer);Bilirubin (T) (answer);Bilirubin (D) (answer);Total T3 (answer);Total T4 (answer);TSH (answer);FT3 (answer);FT4 (answer);Levk. (answer);ph (answer);SG (answer);protein (answer);Ketone (answer);Sugar (answer);Urobilinogen (answer);Nitrate    (answer);Bilirubin (answer);WBC, Microscopy (answer);RBC (answer);Bacteria, RBC (answer);Casts, RBC (answer);Others, RBC (answer);Urine  HCG (answer)",,
23cf8627-e679-44c7-b1d6-cde6f847ff82,,"Medication, Treatment plan",Treatment plan,Treatment plan for the patient,Question,Coded,,,
be203be8-f8a5-4f8b-af97-cdfbdcadd7a5,,"Surgery, Treatment plan",Surgery,Patient scheduled for a surgery procedure,Question,Coded,,,
9618435c-67b3-11ef-b6b4-325096b39f47,,"Medication, Treatment plan (answer)",Treatment plan,Treatment plan for the patient,Misc,N/A,,,
96184618-67b3-11ef-b70f-325096b39f47,,"Surgery, Treatment plan (answer)",Surgery,Patient scheduled for a surgery procedure,Misc,N/A,,,
aed7c7af-458f-4bdd-8cc7-2b7a838af847,,"Treatment Plan, Investigations",,,Misc,Coded,"Medication, Treatment plan (answer) ; Surgery, Treatment plan (answer)",,
47b41c0c-3103-4d00-a603-c1f03500a8be,,Investigations,,,Misc,N/A,,,
